/*
SQLyog Ultimate v12.09 (64 bit)
MySQL - 8.0.18 : Database - repairs
*********************************************************************
*/

/*!40101 SET NAMES utf8 */;

/*!40101 SET SQL_MODE=''*/;

/*!40014 SET @OLD_UNIQUE_CHECKS=@@UNIQUE_CHECKS, UNIQUE_CHECKS=0 */;
/*!40014 SET @OLD_FOREIGN_KEY_CHECKS=@@FOREIGN_KEY_CHECKS, FOREIGN_KEY_CHECKS=0 */;
/*!40101 SET @OLD_SQL_MODE=@@SQL_MODE, SQL_MODE='NO_AUTO_VALUE_ON_ZERO' */;
/*!40111 SET @OLD_SQL_NOTES=@@SQL_NOTES, SQL_NOTES=0 */;
CREATE DATABASE /*!32312 IF NOT EXISTS*/`repairs` /*!40100 DEFAULT CHARACTER SET utf8mb4 COLLATE utf8mb4_0900_ai_ci */ /*!80016 DEFAULT ENCRYPTION='N' */;

USE `repairs`;

/*Table structure for table `maintainer` */

DROP TABLE IF EXISTS `maintainer`;

CREATE TABLE `maintainer` (
  `manid` int(10) NOT NULL AUTO_INCREMENT,
  `username` varchar(15) NOT NULL COMMENT '用户名',
  `password` varchar(15) NOT NULL COMMENT '密码',
  `phone` varchar(15) NOT NULL COMMENT '电话号码',
  `profession` varchar(30) NOT NULL COMMENT '职业',
  `name` varchar(30) NOT NULL COMMENT '姓名',
  `status` varchar(10) CHARACTER SET utf8mb4 COLLATE utf8mb4_0900_ai_ci NOT NULL DEFAULT '空闲' COMMENT '状态',
  PRIMARY KEY (`manid`)
) ENGINE=InnoDB AUTO_INCREMENT=31 DEFAULT CHARSET=utf8mb4 COLLATE=utf8mb4_0900_ai_ci COMMENT='维修工人表';

/*Data for the table `maintainer` */

insert  into `maintainer`(`manid`,`username`,`password`,`phone`,`profession`,`name`,`status`) values (1,'jarn0','12345','12345671234','水电类维修','师傅-0','在忙'),(2,'jarn1','12345','12345671234','水电类维修','师傅-1','空闲'),(3,'jarn2','12345','12345671234','直饮水系统维修','师傅-2','空闲'),(4,'jarn3','12345','12345671234','土工类维修','师傅-3','空闲'),(5,'jarn4','12345','12345671234','土工类维修','师傅-4','空闲'),(6,'jarn5','12345','12345671234','洗衣机维修','师傅-5','空闲'),(7,'jarn6','12345','12345671234','热水系统维修','师傅-6','空闲'),(8,'jarn7','12345','12345671234','洗衣机维修','师傅-7','空闲'),(9,'jarn8','12345','12345671234','土工类维修','师傅-8','空闲'),(10,'jarn9','12345','12345671234','空调维修','师傅-9','空闲'),(11,'jarn10','12345','12345671234','热水系统维修','师傅-10','空闲'),(12,'jarn11','12345','12345671234','空调维修','师傅-11','空闲'),(13,'jarn12','12345','12345671234','土工类维修','师傅-12','空闲'),(14,'jarn13','12345','12345671234','水电类维修','师傅-13','空闲'),(15,'jarn14','12345','12345671234','空调维修','师傅-14','空闲'),(16,'jarn15','12345','12345671234','热水系统维修','师傅-15','空闲'),(17,'jarn16','12345','12345671234','水电类维修','师傅-16','在忙'),(18,'jarn17','12345','12345671234','水电类维修','师傅-17','在忙'),(19,'jarn18','12345','12345671234','直饮水系统维修','师傅-18','空闲'),(20,'jarn19','12345','12345671234','水电类维修','师傅-19','在忙'),(21,'jarn20','12345','12345671234','土工类维修','师傅-20','空闲'),(22,'jarn21','12345','12345671234','空调维修','师傅-21','空闲'),(23,'jarn22','12345','12345671234','直饮水系统维修','师傅-22','空闲'),(24,'jarn23','12345','12345671234','洗衣机维修','师傅-23','空闲'),(25,'jarn24','12345','12345671234','水电类维修','师傅-24','空闲'),(26,'jarn25','12345','12345671234','热水系统维修','师傅-25','在忙'),(27,'jarn26','12345','12345671234','空调维修','师傅-26','空闲'),(28,'jarn27','12345','12345671234','土工类维修','师傅-27','空闲'),(29,'jarn28','12345','12345671234','直饮水系统维修','师傅-28','空闲'),(30,'jarn29','12345','12345671234','水电类维修','师傅-29','空闲');

/*Table structure for table `maintenance` */

DROP TABLE IF EXISTS `maintenance`;

CREATE TABLE `maintenance` (
  `mId` int(10) unsigned zerofill NOT NULL AUTO_INCREMENT,
  `name` varchar(10) CHARACTER SET utf8mb4 COLLATE utf8mb4_0900_ai_ci NOT NULL COMMENT '报修人',
  `phone` varchar(15) CHARACTER SET utf8mb4 COLLATE utf8mb4_0900_ai_ci NOT NULL COMMENT '联系方式',
  `address` varchar(15) CHARACTER SET utf8mb4 COLLATE utf8mb4_0900_ai_ci NOT NULL COMMENT '报修区域',
  `detailAddress` varchar(20) CHARACTER SET utf8mb4 COLLATE utf8mb4_0900_ai_ci NOT NULL COMMENT '详细地址',
  `repairsType` varchar(20) NOT NULL COMMENT '报修项目',
  `repairsDetail` varchar(100) CHARACTER SET utf8mb4 COLLATE utf8mb4_0900_ai_ci NOT NULL COMMENT '报修详情',
  `repairsDate` datetime NOT NULL COMMENT '报修时间',
  `appointmentDate` datetime NOT NULL COMMENT '预约时间',
  `status` varchar(10) CHARACTER SET utf8mb4 COLLATE utf8mb4_0900_ai_ci DEFAULT '未审核' COMMENT '状态',
  `startDate` datetime DEFAULT NULL COMMENT '派工时间',
  `endDate` datetime DEFAULT NULL COMMENT '结束时间',
  `evaluation` varchar(100) CHARACTER SET utf8mb4 COLLATE utf8mb4_0900_ai_ci DEFAULT NULL COMMENT '用户评价',
  `manName` varchar(10) CHARACTER SET utf8mb4 COLLATE utf8mb4_0900_ai_ci DEFAULT NULL COMMENT '维修人员姓名',
  `uid` int(10) DEFAULT NULL COMMENT '提交人员',
  `manId` int(10) DEFAULT NULL COMMENT '委派的维修人员',
  PRIMARY KEY (`mId`),
  KEY `m_main_fk` (`manId`),
  KEY `m_user_fk` (`uid`),
  CONSTRAINT `m_user_fk` FOREIGN KEY (`uid`) REFERENCES `user` (`uid`)
) ENGINE=InnoDB AUTO_INCREMENT=121 DEFAULT CHARSET=utf8mb4 COLLATE=utf8mb4_0900_ai_ci COMMENT='报修单';

/*Data for the table `maintenance` */

insert  into `maintenance`(`mId`,`name`,`phone`,`address`,`detailAddress`,`repairsType`,`repairsDetail`,`repairsDate`,`appointmentDate`,`status`,`startDate`,`endDate`,`evaluation`,`manName`,`uid`,`manId`) values (0000000075,'jarn','1234561234','东院','4栋510','水电类维修','花洒破裂','2020-05-22 13:25:05','2020-05-22 00:00:00','已完成','2020-05-22 15:29:08','2020-05-22 15:29:08','okk','师傅-0',1,1),(0000000076,'jarn','1234561234','东院','4栋510','水电类维修','花洒破裂','2020-05-22 13:25:17','2020-05-22 00:00:00','已完成','2020-05-22 15:54:38','2020-05-22 15:29:08','YES','师傅-1',1,2),(0000000077,'jarn','1234561234','东院','4栋510','水电类维修','花洒破裂','2020-05-22 13:26:14','2020-05-23 00:00:00','已完成','2020-05-22 20:35:42','2020-05-22 15:29:08',NULL,'师傅-13',1,14),(0000000078,'jarn','1234561234','东院','4栋510','水电类维修','花洒破裂','2020-05-22 13:26:18','2020-05-24 00:00:00','已派工',NULL,NULL,NULL,'师傅-19',1,20),(0000000079,'jarn','1234561234','东院','4栋510','水电类维修','花洒破裂','2020-05-22 13:26:30','2020-05-25 00:00:00','已派工','2020-05-23 13:09:25',NULL,NULL,'师傅-17',1,18),(0000000080,'jarn','1234561234','东院','4栋510','热水系统维修','洗澡没得热水','2020-05-22 13:33:39','2020-05-30 00:00:00','已派工','2020-05-23 15:25:48',NULL,NULL,'李1师傅',1,0),(0000000081,'jarn','1234561234','东院','4栋510','热水系统维修','洗澡没得热水','2020-05-22 13:33:46','2020-05-30 00:00:00','已派工',NULL,NULL,NULL,'师傅-25',1,26),(0000000082,'jarn','1234561234','东院','4栋510','热水系统维修','洗澡没得热水','2020-05-22 13:34:08','2020-05-29 12:02:02','未审核',NULL,NULL,NULL,NULL,1,NULL),(0000000083,'jarn','1234561234','东院','4栋510','热水系统维修','洗澡没得热水','2020-05-22 13:35:31','2020-05-28 12:02:02','未审核',NULL,NULL,NULL,NULL,1,NULL),(0000000084,'jarn','1234561234','东院','4栋510','热水系统维修','洗澡没得热水','2020-05-22 13:35:32','2020-05-28 12:02:02','未审核',NULL,NULL,NULL,NULL,1,NULL),(0000000085,'jarn','1234561234','东院','学生宿舍楼入口','土木类维修','水泥板破裂','2020-05-22 13:37:12','2020-05-29 12:02:02','未审核',NULL,NULL,NULL,NULL,1,NULL),(0000000086,'jarn','1234561234','东院','学生宿舍楼入口','土木类维修','水泥板破裂','2020-05-22 13:37:17','2020-05-29 12:03:02','未审核',NULL,NULL,NULL,NULL,1,NULL),(0000000087,'jarn','1234561234','东院','学生宿舍楼入口','土木类维修','水泥板破裂','2020-05-22 13:37:23','2020-05-29 12:04:02','未审核',NULL,NULL,NULL,NULL,1,NULL),(0000000088,'jarn','1234561234','东院','学生宿舍楼入口','土木类维修','水泥板破裂','2020-05-22 13:37:27','2020-05-28 12:04:02','未审核',NULL,NULL,NULL,NULL,1,NULL),(0000000089,'jarn','1234561234','东院','学生宿舍楼入口','土木类维修','水泥板破裂','2020-05-22 13:37:30','2020-05-27 12:04:02','未审核',NULL,NULL,NULL,NULL,1,NULL),(0000000090,'jarn','1234561234','东院','4栋510','直饮水系统维修','饮水机不出热水','2020-05-22 13:49:25','2020-05-28 12:04:02','未审核',NULL,NULL,NULL,NULL,1,NULL),(0000000091,'jarn','1234561234','东院','4栋510','直饮水系统维修','饮水机不出热水','2020-05-22 13:49:28','2020-05-27 12:04:02','未审核',NULL,NULL,NULL,NULL,1,NULL),(0000000092,'jarn','1234561234','东院','4栋510','直饮水系统维修','饮水机不出热水','2020-05-22 13:49:33','2020-05-27 12:04:02','未审核',NULL,NULL,NULL,NULL,1,NULL),(0000000093,'jarn','1234561234','东院','4栋510','直饮水系统维修','饮水机不出热水','2020-05-22 13:49:36','2020-05-26 12:04:02','未审核',NULL,NULL,NULL,NULL,1,NULL),(0000000094,'jarn','1234561234','东院','4栋510','直饮水系统维修','饮水机不出热水','2020-05-22 13:49:40','2020-05-31 12:04:02','未审核',NULL,NULL,NULL,NULL,1,NULL),(0000000095,'jarn','1234561234','东院','4栋510','空调维修','空调老化，需要更换','2020-05-22 13:50:18','2020-05-31 12:04:02','未审核',NULL,NULL,NULL,NULL,1,NULL),(0000000096,'jarn','1234561234','东院','4栋510','空调维修','空调老化，需要更换','2020-05-22 13:50:22','2020-05-25 12:04:02','未审核',NULL,NULL,NULL,NULL,1,NULL),(0000000097,'jarn','1234561234','东院','4栋510','空调维修','空调老化，需要更换','2020-05-22 13:50:25','2020-05-29 12:04:02','未审核',NULL,NULL,NULL,NULL,1,NULL),(0000000098,'jarn','1234561234','东院','4栋510','空调维修','空调老化，需要更换','2020-05-22 13:50:27','2020-05-28 12:04:02','未审核',NULL,NULL,NULL,NULL,1,NULL),(0000000099,'jarn','1234561234','东院','4栋510','空调维修','空调老化，需要更换','2020-05-22 13:50:31','2020-05-27 12:04:02','未审核',NULL,NULL,NULL,NULL,1,NULL),(0000000100,'a先生','12369','东院','4栋510','水电类维修','花洒破裂','2020-05-22 13:53:27','2020-05-29 00:01:00','未审核',NULL,NULL,NULL,NULL,1,NULL),(0000000101,'a先生','12369','东院','4栋510','水电类维修','花洒破裂','2020-05-22 13:56:17','2020-05-29 00:02:00','未审核',NULL,NULL,NULL,NULL,1,NULL),(0000000102,'a先生','12369','东院','4栋510','水电类维修','花洒破裂','2020-05-23 13:08:38','2020-05-25 00:05:07','未审核',NULL,NULL,NULL,NULL,1,NULL),(0000000103,'a先生','12369','东院','4栋510','水电类维修','花洒破裂','2020-05-23 15:35:42','2020-05-30 00:07:08','已派工','2020-05-23 15:38:20',NULL,NULL,'师傅-16',1,17),(0000000104,'TTT','12345671234','东院','4栋510','水电类维修','花洒破裂','2020-05-23 15:44:18','2020-05-30 00:00:00','未审核',NULL,NULL,NULL,NULL,1,NULL),(0000000105,'a先生','12369','东院','4栋510','水电类维修','花洒破裂','2020-05-23 16:04:32','2020-05-30 00:02:03','未审核',NULL,NULL,NULL,NULL,1,NULL),(0000000106,'a先生','12369','东院','4栋510','水电类维修','花洒破裂','2020-05-24 07:57:03','2020-05-25 00:00:00','未审核',NULL,NULL,NULL,NULL,1,NULL),(0000000107,'a先生','12369','东院','4栋510','水电类维修','花洒破裂','2020-05-24 09:54:18','2020-05-24 00:05:09','已完成','2020-05-24 09:55:07','2020-05-27 15:38:20','满意','师傅-13',1,14),(0000000109,'','','东院','','水电类维修','','2020-07-16 20:46:09','2020-05-24 00:05:09','未审核',NULL,NULL,NULL,NULL,1,NULL),(0000000115,'11','11','西院','11','WaterElectricity','11','2020-07-17 09:44:31','2020-07-17 09:44:22','未审核',NULL,NULL,NULL,NULL,1,NULL),(0000000116,'717','18711486720','西院','717','WaterElectricity','11','2020-07-17 09:50:57','2020-07-18 09:48:57','未审核',NULL,NULL,NULL,NULL,1,NULL),(0000000117,'wzy','18711486720','西院','海珠区','WaterElectricity','1','2020-07-17 09:59:39','2020-07-18 03:03:03','未审核',NULL,NULL,NULL,NULL,1,NULL),(0000000118,'王振宇','18711486720','西院','天河区','WaterElectricity','111','2020-07-17 10:02:11','2020-07-31 00:00:00','未审核',NULL,NULL,NULL,NULL,1,NULL),(0000000119,'王振宇wzy','12345671234','西院','越秀区','WaterElectricity','111','2020-07-17 10:08:07','2020-07-31 00:00:00','未审核',NULL,NULL,NULL,NULL,1,NULL),(0000000120,'wzy','18711486720','EastCourtyard','天河区','WaterElectricity','天气太热','2020-07-17 20:20:17','2020-07-18 14:03:04','未审核',NULL,NULL,NULL,NULL,1,NULL);

/*Table structure for table `repairsimage` */

DROP TABLE IF EXISTS `repairsimage`;

CREATE TABLE `repairsimage` (
  `imgId` int(10) NOT NULL AUTO_INCREMENT,
  `mId` int(10) NOT NULL,
  `url` varchar(200) CHARACTER SET utf8mb4 COLLATE utf8mb4_0900_ai_ci NOT NULL,
  PRIMARY KEY (`imgId`,`mId`) USING BTREE
) ENGINE=InnoDB AUTO_INCREMENT=156 DEFAULT CHARSET=utf8mb4 COLLATE=utf8mb4_0900_ai_ci;

/*Data for the table `repairsimage` */

insert  into `repairsimage`(`imgId`,`mId`,`url`) values (1,1,'D:\\ideawork\\repairs\\target\\repairs\\assets\\images\\d24d6f17bb574068890baee46028d8f2.png'),(2,1,'D:\\ideawork\\repairs\\target\\repairs\\assets\\images\\6b21dda9cdf14f1eb544c116032c9d77.jpg'),(3,1,'D:\\ideawork\\repairs\\target\\repairs\\assets\\images\\d24d6f17bb574068890baee46028d8f2.png'),(4,1,'D:\\ideawork\\repairs\\target\\repairs\\assets\\images\\6b21dda9cdf14f1eb544c116032c9d77.jpg'),(5,72,'D:\\ideawork\\repairs\\target\\repairs\\assets\\images\\d24d6f17bb574068890baee46028d8f2.png'),(6,72,'D:\\ideawork\\repairs\\target\\repairs\\assets\\images\\36b14e93421e4230af2c882a2ca8b681.jpg'),(7,73,'D:\\ideawork\\repairs\\target\\repairs\\assets\\images\\6b21dda9cdf14f1eb544c116032c9d77.jpg'),(8,73,'D:\\ideawork\\repairs\\target\\repairs\\assets\\images\\d24d6f17bb574068890baee46028d8f2.png'),(9,73,'D:\\ideawork\\repairs\\target\\repairs\\assets\\images\\36b14e93421e4230af2c882a2ca8b681.jpg'),(10,73,'D:\\ideawork\\repairs\\target\\repairs\\assets\\images\\d24d6f17bb574068890baee46028d8f2.png'),(11,74,'D:\\ideawork\\repairs\\target\\repairs\\assets\\images\\6b21dda9cdf14f1eb544c116032c9d77.jpg'),(12,74,'D:\\ideawork\\repairs\\target\\repairs\\assets\\images\\d24d6f17bb574068890baee46028d8f2.png'),(13,75,'D:\\ideawork\\repairs\\target\\repairs\\assets\\images\\d24d6f17bb574068890baee46028d8f2.png'),(14,75,'D:\\ideawork\\repairs\\target\\repairs\\assets\\images\\36b14e93421e4230af2c882a2ca8b681.jpg'),(15,75,'D:\\ideawork\\repairs\\target\\repairs\\assets\\images\\6b21dda9cdf14f1eb544c116032c9d77.jpg'),(16,75,'D:\\ideawork\\repairs\\target\\repairs\\assets\\images\\36b14e93421e4230af2c882a2ca8b681.jpg'),(17,76,'D:\\ideawork\\repairs\\target\\repairs\\assets\\images\\36b14e93421e4230af2c882a2ca8b681.jpg'),(18,76,'D:\\ideawork\\repairs\\target\\repairs\\assets\\images\\d24d6f17bb574068890baee46028d8f2.png'),(19,76,'D:\\ideawork\\repairs\\target\\repairs\\assets\\images\\36b14e93421e4230af2c882a2ca8b681.jpg'),(20,76,'D:\\ideawork\\repairs\\target\\repairs\\assets\\images\\d24d6f17bb574068890baee46028d8f2.png'),(21,77,'D:\\ideawork\\repairs\\target\\repairs\\assets\\images\\6b21dda9cdf14f1eb544c116032c9d77.jpg'),(22,77,'D:\\ideawork\\repairs\\target\\repairs\\assets\\images\\d24d6f17bb574068890baee46028d8f2.png'),(23,77,'D:\\ideawork\\repairs\\target\\repairs\\assets\\images\\36b14e93421e4230af2c882a2ca8b681.jpg'),(24,77,'D:\\ideawork\\repairs\\target\\repairs\\assets\\images\\36b14e93421e4230af2c882a2ca8b681.jpg'),(25,78,'D:\\ideawork\\repairs\\target\\repairs\\assets\\images\\36b14e93421e4230af2c882a2ca8b681.jpg'),(26,78,'D:\\ideawork\\repairs\\target\\repairs\\assets\\images\\d24d6f17bb574068890baee46028d8f2.png'),(27,78,'D:\\ideawork\\repairs\\target\\repairs\\assets\\images\\36b14e93421e4230af2c882a2ca8b681.jpg'),(28,78,'D:\\ideawork\\repairs\\target\\repairs\\assets\\images\\36b14e93421e4230af2c882a2ca8b681.jpg'),(29,79,'D:\\ideawork\\repairs\\target\\repairs\\assets\\images\\36b14e93421e4230af2c882a2ca8b681.jpg'),(30,79,'D:\\ideawork\\repairs\\target\\repairs\\assets\\images\\6b21dda9cdf14f1eb544c116032c9d77.jpg'),(31,79,'D:\\ideawork\\repairs\\target\\repairs\\assets\\images\\36b14e93421e4230af2c882a2ca8b681.jpg'),(32,79,'D:\\ideawork\\repairs\\target\\repairs\\assets\\images\\d24d6f17bb574068890baee46028d8f2.png'),(33,80,'D:\\ideawork\\repairs\\target\\repairs\\assets\\images\\6b21dda9cdf14f1eb544c116032c9d77.jpg'),(34,80,'D:\\ideawork\\repairs\\target\\repairs\\assets\\images\\36b14e93421e4230af2c882a2ca8b681.jpg'),(35,80,'D:\\ideawork\\repairs\\target\\repairs\\assets\\images\\d24d6f17bb574068890baee46028d8f2.png'),(36,80,'D:\\ideawork\\repairs\\target\\repairs\\assets\\images\\36b14e93421e4230af2c882a2ca8b681.jpg'),(37,81,'D:\\ideawork\\repairs\\target\\repairs\\assets\\images\\6b21dda9cdf14f1eb544c116032c9d77.jpg'),(38,81,'D:\\ideawork\\repairs\\target\\repairs\\assets\\images\\36b14e93421e4230af2c882a2ca8b681.jpg'),(39,81,'D:\\ideawork\\repairs\\target\\repairs\\assets\\images\\d24d6f17bb574068890baee46028d8f2.png'),(40,81,'D:\\ideawork\\repairs\\target\\repairs\\assets\\images\\36b14e93421e4230af2c882a2ca8b681.jpg'),(41,82,'D:\\ideawork\\repairs\\target\\repairs\\assets\\images\\36b14e93421e4230af2c882a2ca8b681.jpg'),(42,82,'D:\\ideawork\\repairs\\target\\repairs\\assets\\images\\6b21dda9cdf14f1eb544c116032c9d77.jpg'),(43,82,'D:\\ideawork\\repairs\\target\\repairs\\assets\\images\\36b14e93421e4230af2c882a2ca8b681.jpg'),(44,82,'D:\\ideawork\\repairs\\target\\repairs\\assets\\images\\d24d6f17bb574068890baee46028d8f2.png'),(45,83,'D:\\ideawork\\repairs\\target\\repairs\\assets\\images\\6b21dda9cdf14f1eb544c116032c9d77.jpg'),(46,83,'D:\\ideawork\\repairs\\target\\repairs\\assets\\images\\36b14e93421e4230af2c882a2ca8b681.jpg'),(47,83,'D:\\ideawork\\repairs\\target\\repairs\\assets\\images\\36b14e93421e4230af2c882a2ca8b681.jpg'),(48,83,'D:\\ideawork\\repairs\\target\\repairs\\assets\\images\\d24d6f17bb574068890baee46028d8f2.png'),(49,84,'D:\\ideawork\\repairs\\target\\repairs\\assets\\images\\6b21dda9cdf14f1eb544c116032c9d77.jpg'),(50,84,'D:\\ideawork\\repairs\\target\\repairs\\assets\\images\\6b21dda9cdf14f1eb544c116032c9d77.jpg'),(51,84,'D:\\ideawork\\repairs\\target\\repairs\\assets\\images\\6b21dda9cdf14f1eb544c116032c9d77.jpg'),(52,84,'D:\\ideawork\\repairs\\target\\repairs\\assets\\images\\6b21dda9cdf14f1eb544c116032c9d77.jpg'),(53,85,'D:\\ideawork\\repairs\\target\\repairs\\assets\\images\\6b21dda9cdf14f1eb544c116032c9d77.jpg'),(54,85,'D:\\ideawork\\repairs\\target\\repairs\\assets\\images\\6b21dda9cdf14f1eb544c116032c9d77.jpg'),(55,85,'D:\\ideawork\\repairs\\target\\repairs\\assets\\images\\6b21dda9cdf14f1eb544c116032c9d77.jpg'),(56,85,'D:\\ideawork\\repairs\\target\\repairs\\assets\\images\\d24d6f17bb574068890baee46028d8f2.png'),(57,86,'D:\\ideawork\\repairs\\target\\repairs\\assets\\images\\6b21dda9cdf14f1eb544c116032c9d77.jpg'),(58,86,'D:\\ideawork\\repairs\\target\\repairs\\assets\\images\\6b21dda9cdf14f1eb544c116032c9d77.jpg'),(59,86,'D:\\ideawork\\repairs\\target\\repairs\\assets\\images\\6b21dda9cdf14f1eb544c116032c9d77.jpg'),(60,86,'D:\\ideawork\\repairs\\target\\repairs\\assets\\images\\6b21dda9cdf14f1eb544c116032c9d77.jpg'),(61,87,'D:\\ideawork\\repairs\\target\\repairs\\assets\\images\\6b21dda9cdf14f1eb544c116032c9d77.jpg'),(62,87,'D:\\ideawork\\repairs\\target\\repairs\\assets\\images\\d24d6f17bb574068890baee46028d8f2.png'),(63,87,'D:\\ideawork\\repairs\\target\\repairs\\assets\\images\\6b21dda9cdf14f1eb544c116032c9d77.jpg'),(64,87,'D:\\ideawork\\repairs\\target\\repairs\\assets\\images\\6b21dda9cdf14f1eb544c116032c9d77.jpg'),(65,88,'D:\\ideawork\\repairs\\target\\repairs\\assets\\images\\6b21dda9cdf14f1eb544c116032c9d77.jpg'),(66,88,'D:\\ideawork\\repairs\\target\\repairs\\assets\\images\\6b21dda9cdf14f1eb544c116032c9d77.jpg'),(67,88,'D:\\ideawork\\repairs\\target\\repairs\\assets\\images\\6b21dda9cdf14f1eb544c116032c9d77.jpg'),(68,88,'D:\\ideawork\\repairs\\target\\repairs\\assets\\images\\6b21dda9cdf14f1eb544c116032c9d77.jpg'),(69,89,'D:\\ideawork\\repairs\\target\\repairs\\assets\\images\\a1af97b68da4465489118be83714e1f6.png'),(70,89,'D:\\ideawork\\repairs\\target\\repairs\\assets\\images\\6b21dda9cdf14f1eb544c116032c9d77.jpg'),(71,89,'D:\\ideawork\\repairs\\target\\repairs\\assets\\images\\d24d6f17bb574068890baee46028d8f2.png'),(72,89,'D:\\ideawork\\repairs\\target\\repairs\\assets\\images\\a1af97b68da4465489118be83714e1f6.png'),(73,90,'D:\\ideawork\\repairs\\target\\repairs\\assets\\images\\6b21dda9cdf14f1eb544c116032c9d77.jpg'),(74,90,'D:\\ideawork\\repairs\\target\\repairs\\assets\\images\\a1af97b68da4465489118be83714e1f6.png'),(75,90,'D:\\ideawork\\repairs\\target\\repairs\\assets\\images\\a1af97b68da4465489118be83714e1f6.png'),(76,90,'D:\\ideawork\\repairs\\target\\repairs\\assets\\images\\a1af97b68da4465489118be83714e1f6.png'),(77,91,'D:\\ideawork\\repairs\\target\\repairs\\assets\\images\\a1af97b68da4465489118be83714e1f6.png'),(78,91,'D:\\ideawork\\repairs\\target\\repairs\\assets\\images\\a1af97b68da4465489118be83714e1f6.png'),(79,91,'D:\\ideawork\\repairs\\target\\repairs\\assets\\images\\a1af97b68da4465489118be83714e1f6.png'),(80,91,'D:\\ideawork\\repairs\\target\\repairs\\assets\\images\\a1af97b68da4465489118be83714e1f6.png'),(81,92,'D:\\ideawork\\repairs\\target\\repairs\\assets\\images\\d24d6f17bb574068890baee46028d8f2.png'),(82,92,'D:\\ideawork\\repairs\\target\\repairs\\assets\\images\\a1af97b68da4465489118be83714e1f6.png'),(83,92,'D:\\ideawork\\repairs\\target\\repairs\\assets\\images\\a1af97b68da4465489118be83714e1f6.png'),(84,92,'D:\\ideawork\\repairs\\target\\repairs\\assets\\images\\a1af97b68da4465489118be83714e1f6.png'),(85,93,'D:\\ideawork\\repairs\\target\\repairs\\assets\\images\\a1af97b68da4465489118be83714e1f6.png'),(86,93,'D:\\ideawork\\repairs\\target\\repairs\\assets\\images\\a1af97b68da4465489118be83714e1f6.png'),(87,93,'D:\\ideawork\\repairs\\target\\repairs\\assets\\images\\a1af97b68da4465489118be83714e1f6.png'),(88,93,'D:\\ideawork\\repairs\\target\\repairs\\assets\\images\\a1af97b68da4465489118be83714e1f6.png'),(89,94,'D:\\ideawork\\repairs\\target\\repairs\\assets\\images\\a1af97b68da4465489118be83714e1f6.png'),(90,94,'D:\\ideawork\\repairs\\target\\repairs\\assets\\images\\a1af97b68da4465489118be83714e1f6.png'),(91,94,'D:\\ideawork\\repairs\\target\\repairs\\assets\\images\\d24d6f17bb574068890baee46028d8f2.png'),(92,94,'D:\\ideawork\\repairs\\target\\repairs\\assets\\images\\a1af97b68da4465489118be83714e1f6.png'),(93,95,'D:\\ideawork\\repairs\\target\\repairs\\assets\\images\\a1af97b68da4465489118be83714e1f6.png'),(94,95,'D:\\ideawork\\repairs\\target\\repairs\\assets\\images\\a1af97b68da4465489118be83714e1f6.png'),(95,95,'D:\\ideawork\\repairs\\target\\repairs\\assets\\images\\a1af97b68da4465489118be83714e1f6.png'),(96,95,'D:\\ideawork\\repairs\\target\\repairs\\assets\\images\\a1af97b68da4465489118be83714e1f6.png'),(97,96,'D:\\ideawork\\repairs\\target\\repairs\\assets\\images\\6b21dda9cdf14f1eb544c116032c9d77.jpg'),(98,96,'D:\\ideawork\\repairs\\target\\repairs\\assets\\images\\6b21dda9cdf14f1eb544c116032c9d77.jpg'),(99,96,'D:\\ideawork\\repairs\\target\\repairs\\assets\\images\\6b21dda9cdf14f1eb544c116032c9d77.jpg'),(100,96,'D:\\ideawork\\repairs\\target\\repairs\\assets\\images\\6b21dda9cdf14f1eb544c116032c9d77.jpg'),(101,97,'D:\\ideawork\\repairs\\target\\repairs\\assets\\images\\d24d6f17bb574068890baee46028d8f2.png'),(102,97,'D:\\ideawork\\repairs\\target\\repairs\\assets\\images\\a1af97b68da4465489118be83714e1f6.png'),(103,97,'D:\\ideawork\\repairs\\target\\repairs\\assets\\images\\a1af97b68da4465489118be83714e1f6.png'),(104,97,'D:\\ideawork\\repairs\\target\\repairs\\assets\\images\\a1af97b68da4465489118be83714e1f6.png'),(105,98,'D:\\ideawork\\repairs\\target\\repairs\\assets\\images\\a1af97b68da4465489118be83714e1f6.png'),(106,98,'D:\\ideawork\\repairs\\target\\repairs\\assets\\images\\a1af97b68da4465489118be83714e1f6.png'),(107,98,'D:\\ideawork\\repairs\\target\\repairs\\assets\\images\\a1af97b68da4465489118be83714e1f6.png'),(108,98,'D:\\ideawork\\repairs\\target\\repairs\\assets\\images\\d24d6f17bb574068890baee46028d8f2.png'),(109,99,'D:\\ideawork\\repairs\\target\\repairs\\assets\\images\\a1af97b68da4465489118be83714e1f6.png'),(110,99,'D:\\ideawork\\repairs\\target\\repairs\\assets\\images\\a1af97b68da4465489118be83714e1f6.png'),(111,99,'D:\\ideawork\\repairs\\target\\repairs\\assets\\images\\a1af97b68da4465489118be83714e1f6.png'),(112,99,'D:\\ideawork\\repairs\\target\\repairs\\assets\\images\\d24d6f17bb574068890baee46028d8f2.png'),(113,100,'D:\\ideawork\\repairs\\target\\repairs\\assets\\images\\a1af97b68da4465489118be83714e1f6.png'),(114,100,'D:\\ideawork\\repairs\\target\\repairs\\assets\\images\\a1af97b68da4465489118be83714e1f6.png'),(115,100,'D:\\ideawork\\repairs\\target\\repairs\\assets\\images\\d24d6f17bb574068890baee46028d8f2.png'),(116,100,'D:\\ideawork\\repairs\\target\\repairs\\assets\\images\\a1af97b68da4465489118be83714e1f6.png'),(117,101,'D:\\ideawork\\repairs\\target\\repairs\\assets\\images\\a1af97b68da4465489118be83714e1f6.png'),(118,101,'D:\\ideawork\\repairs\\target\\repairs\\assets\\images\\a1af97b68da4465489118be83714e1f6.png'),(119,101,'D:\\ideawork\\repairs\\target\\repairs\\assets\\images\\d24d6f17bb574068890baee46028d8f2.png'),(120,101,'D:\\ideawork\\repairs\\target\\repairs\\assets\\images\\a1af97b68da4465489118be83714e1f6.png'),(121,102,'D:\\ideawork\\repairs\\target\\repairs\\assets\\images\\d24d6f17bb574068890baee46028d8f2.png'),(122,102,'D:\\ideawork\\repairs\\target\\repairs\\assets\\images\\a1af97b68da4465489118be83714e1f6.png'),(123,102,'D:\\ideawork\\repairs\\target\\repairs\\assets\\images\\d24d6f17bb574068890baee46028d8f2.png'),(124,102,'D:\\ideawork\\repairs\\target\\repairs\\assets\\images\\a1af97b68da4465489118be83714e1f6.png'),(125,103,'D:\\ideawork\\repairs\\target\\repairs\\assets\\images\\6b21dda9cdf14f1eb544c116032c9d77.jpg'),(126,103,'D:\\ideawork\\repairs\\target\\repairs\\assets\\images\\6b21dda9cdf14f1eb544c116032c9d77.jpg'),(127,104,'D:\\ideawork\\repairs\\target\\repairs\\assets\\images\\a1af97b68da4465489118be83714e1f6.png'),(128,104,'D:\\ideawork\\repairs\\target\\repairs\\assets\\images\\a1af97b68da4465489118be83714e1f6.png'),(129,104,'D:\\ideawork\\repairs\\target\\repairs\\assets\\images\\d24d6f17bb574068890baee46028d8f2.png'),(130,104,'D:\\ideawork\\repairs\\target\\repairs\\assets\\images\\a1af97b68da4465489118be83714e1f6.png'),(131,105,'D:\\ideawork\\repairs\\target\\repairs\\assets\\images\\a1af97b68da4465489118be83714e1f6.png'),(132,105,'D:\\ideawork\\repairs\\target\\repairs\\assets\\images\\a1af97b68da4465489118be83714e1f6.png'),(133,105,'D:\\ideawork\\repairs\\target\\repairs\\assets\\images\\a1af97b68da4465489118be83714e1f6.png'),(134,105,'D:\\ideawork\\repairs\\target\\repairs\\assets\\images\\a1af97b68da4465489118be83714e1f6.png'),(135,106,'D:\\ideawork\\repairs\\target\\repairs\\assets\\images\\a1af97b68da4465489118be83714e1f6.png'),(136,107,'D:\\ideawork\\repairs\\target\\repairs\\assets\\images\\a1af97b68da4465489118be83714e1f6.png'),(137,107,'D:\\ideawork\\repairs\\target\\repairs\\assets\\images\\a1af97b68da4465489118be83714e1f6.png'),(138,107,'D:\\ideawork\\repairs\\target\\repairs\\assets\\images\\a1af97b68da4465489118be83714e1f6.png'),(139,109,'D:\\ideawork\\repairs\\target\\repairs\\assets\\images\\d24d6f17bb574068890baee46028d8f2.png'),(140,115,'D:\\ideawork\\repairs\\target\\repairs\\assets\\images\\d24d6f17bb574068890baee46028d8f2.png'),(141,115,'D:\\ideawork\\repairs\\target\\repairs\\assets\\images\\2e82da8c91914159af9e30cc84ad74b5.png'),(142,116,'D:\\ideawork\\repairs\\target\\repairs\\assets\\images\\e4d1deeb015341bbbeb880e592743071.png'),(143,116,'D:\\ideawork\\repairs\\target\\repairs\\assets\\images\\8fec43c3707343aca02b6ddef79b3d17.png'),(144,117,'D:\\ideawork\\repairs\\target\\repairs\\assets\\images\\1498d46c2fe845e89bdd5d4330a71ecd.png'),(145,117,'D:\\ideawork\\repairs\\target\\repairs\\assets\\images\\808ed9524db64eaa8f5b741bf11d4529.png'),(146,117,'D:\\ideawork\\repairs\\target\\repairs\\assets\\images\\146f1230b7ab4083b3f8d1c47d63e2b9.png'),(147,117,'D:\\ideawork\\repairs\\target\\repairs\\assets\\images\\d674f09529f3481c81d21cdfcf2e86e1.png'),(148,118,'D:\\ideawork\\repairs\\target\\repairs\\assets\\images\\7971ead90a3f4c498be9e265d8ddf1f4.png'),(149,118,'D:\\ideawork\\repairs\\target\\repairs\\assets\\images\\b59cdac096d84c9e84875aa8edd578da.png'),(150,119,'D:\\ideawork\\repairs\\target\\repairs\\assets\\images\\9785e495ef1f491d88c79eed71721c9e.png'),(151,119,'D:\\ideawork\\repairs\\target\\repairs\\assets\\images\\a1af97b68da4465489118be83714e1f6.png'),(152,120,'D:\\ideawork\\repairs\\target\\repairs\\assets\\images\\6b21dda9cdf14f1eb544c116032c9d77.jpg'),(153,120,'D:\\ideawork\\repairs\\target\\repairs\\assets\\images\\6b21dda9cdf14f1eb544c116032c9d77.jpg'),(154,120,'D:\\ideawork\\repairs\\target\\repairs\\assets\\images\\36b14e93421e4230af2c882a2ca8b681.jpg'),(155,120,'D:\\ideawork\\repairs\\target\\repairs\\assets\\images\\bf3e2e6ab76c4446a43df3f359509734.jpg');

/*Table structure for table `role` */

DROP TABLE IF EXISTS `role`;

CREATE TABLE `role` (
  `rid` int(10) NOT NULL AUTO_INCREMENT,
  `role` varchar(5) CHARACTER SET utf8mb4 COLLATE utf8mb4_0900_ai_ci NOT NULL,
  PRIMARY KEY (`rid`)
) ENGINE=InnoDB AUTO_INCREMENT=3 DEFAULT CHARSET=utf8mb4 COLLATE=utf8mb4_0900_ai_ci;

/*Data for the table `role` */

insert  into `role`(`rid`,`role`) values (1,'user'),(2,'admin');

/*Table structure for table `user` */

DROP TABLE IF EXISTS `user`;

CREATE TABLE `user` (
  `uid` int(10) NOT NULL AUTO_INCREMENT,
  `username` varchar(15) NOT NULL COMMENT '用户名',
  `password` varchar(15) NOT NULL COMMENT '密码',
  `phone` varchar(15) NOT NULL COMMENT '电话号码',
  `email` varchar(20) CHARACTER SET utf8mb4 COLLATE utf8mb4_0900_ai_ci DEFAULT NULL COMMENT '邮箱',
  `rid` int(10) NOT NULL,
  PRIMARY KEY (`uid`),
  KEY `u_role_fk` (`rid`),
  CONSTRAINT `u_role_fk` FOREIGN KEY (`rid`) REFERENCES `role` (`rid`) ON DELETE RESTRICT ON UPDATE RESTRICT
) ENGINE=InnoDB AUTO_INCREMENT=106 DEFAULT CHARSET=utf8mb4 COLLATE=utf8mb4_0900_ai_ci;

/*Data for the table `user` */

insert  into `user`(`uid`,`username`,`password`,`phone`,`email`,`rid`) values (1,'jarn','12345','18711486720','1712557282@qq.com',1),(2,'ja','12345','12345671234','A123@gmail.com',2),(3,'user97','12345','12345671234','123@gmail.com',1),(4,'user1','12345','12345671234','123@gmail.com',1),(5,'user2','12345','12345671234','123@gmail.com',1),(6,'user3','12345','12345671234','123@gmail.com',1),(7,'user4','12345','12345671234','123@gmail.com',1),(8,'user5','12345','12345671234','123@gmail.com',1),(9,'user6','12345','12345671234','123@gmail.com',1),(10,'user7','12345','12345671234','123@gmail.com',1),(11,'user8','12345','12345671234','123@gmail.com',1),(12,'user9','12345','12345671234','123@gmail.com',1),(13,'user10','12345','12345671234','123@gmail.com',1),(14,'user11','12345','12345671234','123@gmail.com',1),(15,'user12','12345','12345671234','123@gmail.com',1),(16,'user13','12345','12345671234','123@gmail.com',1),(17,'user14','12345','12345671234','123@gmail.com',1),(18,'user15','12345','12345671234','123@gmail.com',1),(19,'user16','12345','12345671234','123@gmail.com',1),(20,'user17','12345','12345671234','123@gmail.com',1),(21,'user18','12345','12345671234','123@gmail.com',1),(22,'user19','12345','12345671234','123@gmail.com',1),(23,'user20','12345','12345671234','123@gmail.com',1),(24,'user21','12345','12345671234','123@gmail.com',1),(25,'user22','12345','12345671234','123@gmail.com',1),(26,'user23','12345','12345671234','123@gmail.com',1),(27,'user24','12345','12345671234','123@gmail.com',1),(28,'user25','12345','12345671234','123@gmail.com',1),(29,'user26','12345','12345671234','123@gmail.com',1),(30,'user27','12345','12345671234','123@gmail.com',1),(31,'user28','12345','12345671234','123@gmail.com',1),(32,'user29','12345','12345671234','123@gmail.com',1),(33,'user30','12345','12345671234','123@gmail.com',1),(34,'user31','12345','12345671234','123@gmail.com',1),(35,'user32','12345','12345671234','123@gmail.com',1),(36,'user33','12345','12345671234','123@gmail.com',1),(37,'user34','12345','12345671234','123@gmail.com',1),(38,'user35','12345','12345671234','123@gmail.com',1),(39,'user36','12345','12345671234','123@gmail.com',1),(40,'user37','12345','12345671234','123@gmail.com',1),(41,'user38','12345','12345671234','123@gmail.com',1),(42,'user39','12345','12345671234','123@gmail.com',1),(43,'user40','12345','12345671234','123@gmail.com',1),(44,'user41','12345','12345671234','123@gmail.com',1),(45,'user42','12345','12345671234','123@gmail.com',1),(46,'user43','12345','12345671234','123@gmail.com',1),(47,'user44','12345','12345671234','123@gmail.com',1),(48,'user45','12345','12345671234','123@gmail.com',1),(49,'user46','12345','12345671234','123@gmail.com',1),(50,'user47','12345','12345671234','123@gmail.com',1),(51,'user48','12345','12345671234','123@gmail.com',1),(52,'user49','12345','12345671234','123@gmail.com',1),(53,'user50','12345','12345671234','123@gmail.com',1),(54,'user51','12345','12345671234','123@gmail.com',1),(55,'user52','12345','12345671234','123@gmail.com',1),(56,'user53','12345','12345671234','123@gmail.com',1),(57,'user54','12345','12345671234','123@gmail.com',1),(58,'user55','12345','12345671234','123@gmail.com',1),(59,'user56','12345','12345671234','123@gmail.com',1),(60,'user57','12345','12345671234','123@gmail.com',1),(61,'user58','12345','12345671234','123@gmail.com',1),(62,'user59','12345','12345671234','123@gmail.com',1),(63,'user60','12345','12345671234','123@gmail.com',1),(64,'user61','12345','12345671234','123@gmail.com',1),(65,'user62','12345','12345671234','123@gmail.com',1),(66,'user63','12345','12345671234','123@gmail.com',1),(67,'user64','12345','12345671234','123@gmail.com',1),(68,'user65','12345','12345671234','123@gmail.com',1),(69,'user66','12345','12345671234','123@gmail.com',1),(70,'user67','12345','12345671234','123@gmail.com',1),(71,'user68','12345','12345671234','123@gmail.com',1),(72,'user69','12345','12345671234','123@gmail.com',1),(73,'user70','12345','12345671234','123@gmail.com',1),(74,'user71','12345','12345671234','123@gmail.com',1),(75,'user72','12345','12345671234','123@gmail.com',1),(76,'user73','12345','12345671234','123@gmail.com',1),(77,'user74','12345','12345671234','123@gmail.com',1),(78,'user75','12345','12345671234','123@gmail.com',1),(79,'user76','12345','12345671234','123@gmail.com',1),(80,'user77','12345','12345671234','123@gmail.com',1),(81,'user78','12345','12345671234','123@gmail.com',1),(82,'user79','12345','12345671234','123@gmail.com',1),(83,'user80','12345','12345671234','123@gmail.com',1),(84,'user81','12345','12345671234','123@gmail.com',1),(85,'user82','12345','12345671234','123@gmail.com',1),(86,'user83','12345','12345671234','123@gmail.com',1),(87,'user84','12345','12345671234','123@gmail.com',1),(88,'user85','12345','12345671234','123@gmail.com',1),(89,'user86','12345','12345671234','123@gmail.com',1),(90,'user87','12345','12345671234','123@gmail.com',1),(91,'user88','12345','12345671234','123@gmail.com',1),(92,'user89','12345','12345671234','123@gmail.com',1),(93,'user90','12345','12345671234','123@gmail.com',1),(94,'user91','12345','12345671234','123@gmail.com',1),(95,'user92','12345','12345671234','123@gmail.com',1),(96,'user93','12345','12345671234','123@gmail.com',1),(97,'user94','12345','12345671234','123@gmail.com',1),(98,'user95','12345','12345671234','123@gmail.com',1),(99,'user96','12345','12345671234','123@gmail.com',1),(100,'user97','12345','12345671234','123@gmail.com',1),(101,'user98','12345','12345671234','123@gmail.com',1),(105,'jarna','123456','18711486720','ccg_wzy@163.com',1);

/*!40101 SET SQL_MODE=@OLD_SQL_MODE */;
/*!40014 SET FOREIGN_KEY_CHECKS=@OLD_FOREIGN_KEY_CHECKS */;
/*!40014 SET UNIQUE_CHECKS=@OLD_UNIQUE_CHECKS */;
/*!40111 SET SQL_NOTES=@OLD_SQL_NOTES */;
